workload,threads,run,time
1x,1,1,21.283539
1x,2,1,10.938502
1x,3,1,7.485543
1x,4,1,5.618840
1x,5,1,4.486034
1x,6,1,3.862041
1x,7,1,3.395457
1x,8,1,2.904529
2x,1,1,57.390984
2x,2,1,29.155218
2x,3,1,19.629116
2x,4,1,14.714113
2x,5,1,11.844624
2x,6,1,10.098368
2x,7,1,8.757253
2x,8,1,8.087782
4x,1,1,147.099745
4x,2,1,70.724639
4x,3,1,51.217121
4x,4,1,38.647484
4x,5,1,29.914654
4x,6,1,25.957112
4x,7,1,20.911501
4x,8,1,18.620506
1x,1,2,21.971964
1x,2,2,11.319747
1x,3,2,7.709709
1x,4,2,5.866158
1x,5,2,4.695198
1x,6,2,3.868853
1x,7,2,3.612546
1x,8,2,3.029090
2x,1,2,60.789916
2x,2,2,29.858020
2x,3,2,20.389886
2x,4,2,15.420620
2x,5,2,11.816303
2x,6,2,10.152993
2x,7,2,9.015469
2x,8,2,7.527276
4x,1,2,150.959711
4x,2,2,74.369358
4x,3,2,48.571787
4x,4,2,35.890780
4x,5,2,28.544353
4x,6,2,24.716408
4x,7,2,20.908014
4x,8,2,18.391831
1x,1,3,21.475974
1x,2,3,10.919117
1x,3,3,7.361564
1x,4,3,5.682547
1x,5,3,4.575710
1x,6,3,3.707041
1x,7,3,3.287829
1x,8,3,3.085912
2x,1,3,59.657942
2x,2,3,30.024262
2x,3,3,20.397626
2x,4,3,14.694613
2x,5,3,11.550936
2x,6,3,9.932601
2x,7,3,9.374081
2x,8,3,8.093907
4x,1,3,150.668033
4x,2,3,75.107249
4x,3,3,48.945257
4x,4,3,36.512538
4x,5,3,29.678891
4x,6,3,25.235749
4x,7,3,21.595845
4x,8,3,19.190604
1x,1,4,21.877030
1x,2,4,11.403554
1x,3,4,7.471334
1x,4,4,5.693019
1x,5,4,4.465167
1x,6,4,3.669364
1x,7,4,3.544590
1x,8,4,3.124140
2x,1,4,60.759127
2x,2,4,30.188111
2x,3,4,20.404951
2x,4,4,15.836961
2x,5,4,11.183756
2x,6,4,9.418060
2x,7,4,8.543335
2x,8,4,7.870241
4x,1,4,145.758444
4x,2,4,73.952004
4x,3,4,49.600188
4x,4,4,36.969972
4x,5,4,29.689745
4x,6,4,24.736176
4x,7,4,21.355442
4x,8,4,19.876426
1x,1,5,22.847216
1x,2,5,11.299057
1x,3,5,7.374311
1x,4,5,5.768294
1x,5,5,4.774200
1x,6,5,3.885041
1x,7,5,3.499326
1x,8,5,3.224887
2x,1,5,61.302152
2x,2,5,32.154768
2x,3,5,21.144620
2x,4,5,15.495758
2x,5,5,12.344099
2x,6,5,10.353163
2x,7,5,8.983596
2x,8,5,7.934426
4x,1,5,152.415905
4x,2,5,76.288083
4x,3,5,50.960421
4x,4,5,38.157401
4x,5,5,30.406813
4x,6,5,26.842924
4x,7,5,23.546159
4x,8,5,19.039205
1x,1,6,21.601131
1x,2,6,11.509564
1x,3,6,7.989841
1x,4,6,5.752089
1x,5,6,4.804590
1x,6,6,4.066706
1x,7,6,3.646352
1x,8,6,3.085600
2x,1,6,62.037044
2x,2,6,30.280145
2x,3,6,19.827715
2x,4,6,15.157242
2x,5,6,13.098571
2x,6,6,10.653071
2x,7,6,9.306369
2x,8,6,7.888582
4x,1,6,151.509460
4x,2,6,76.341637
4x,3,6,49.820192
4x,4,6,38.048353
4x,5,6,30.844780
4x,6,6,25.078981
4x,7,6,21.081184
4x,8,6,19.153803
1x,1,7,21.264085
1x,2,7,11.453718
1x,3,7,7.536930
1x,4,7,5.694071
1x,5,7,4.474030
1x,6,7,4.081585
1x,7,7,3.583918
1x,8,7,2.957766
2x,1,7,58.594518
2x,2,7,29.898616
2x,3,7,20.237945
2x,4,7,14.651522
2x,5,7,12.044130
2x,6,7,10.012485
2x,7,7,8.803863
2x,8,7,7.676003
4x,1,7,147.533397
4x,2,7,79.218741
4x,3,7,52.258973
4x,4,7,40.220304
4x,5,7,31.760002
4x,6,7,27.013215
4x,7,7,22.822019
4x,8,7,19.467318
1x,1,8,22.581951
1x,2,8,11.975162
1x,3,8,8.121803
1x,4,8,5.946896
1x,5,8,4.722386
1x,6,8,3.945958
1x,7,8,3.607774
1x,8,8,3.066176
2x,1,8,63.750753
2x,2,8,33.774092
2x,3,8,21.773463
2x,4,8,16.921513
2x,5,8,13.175775
2x,6,8,11.313304
2x,7,8,9.785348
2x,8,8,8.388344
4x,1,8,167.921762
4x,2,8,80.055348
4x,3,8,54.670071
4x,4,8,41.221118
4x,5,8,31.813947
4x,6,8,26.015954
4x,7,8,22.039244
4x,8,8,20.269650
1x,1,9,21.928279
1x,2,9,11.650317
1x,3,9,7.941112
1x,4,9,5.851086
1x,5,9,4.585815
1x,6,9,3.897255
1x,7,9,3.359079
1x,8,9,2.918401
2x,1,9,61.581675
2x,2,9,31.901809
2x,3,9,22.709955
2x,4,9,16.924022
2x,5,9,13.355314
2x,6,9,11.115075
2x,7,9,9.549989
2x,8,9,8.552150
4x,1,9,161.448591
4x,2,9,80.577980
4x,3,9,55.275977
4x,4,9,40.551480
4x,5,9,31.952485
4x,6,9,26.849289
4x,7,9,23.275909
4x,8,9,20.594009
1x,1,10,22.876151
1x,2,10,12.445141
1x,3,10,8.249622
1x,4,10,6.318354
1x,5,10,5.244952
1x,6,10,4.248893
1x,7,10,3.706219
1x,8,10,3.358476
2x,1,10,65.748778
2x,2,10,34.442306
2x,3,10,22.446810
2x,4,10,17.318421
2x,5,10,13.531334
2x,6,10,11.269081
2x,7,10,9.869572
2x,8,10,8.410746
4x,1,10,164.540645
4x,2,10,85.240129
4x,3,10,57.383159
4x,4,10,42.993010
4x,5,10,32.872838
4x,6,10,27.673516
4x,7,10,24.353767
4x,8,10,20.169026
